Modelo,MAE,RMSE,R²
Prophet,3633.9938269200757,4597.382607390872,0.3390552918790247
Random Forest,6826.864429563492,7874.270245001821,-0.9389404196880979
LightGBM,7464.128917047871,8876.24373341405,-1.4637819594036827
XGBoost,7669.061360677083,8918.016005832234,-1.487026012559928
Baseline Média Móvel (12),8560.465277777776,9754.166492595754,-1.9752547774862577
SARIMAX,9415.590019370675,11289.852567784117,-2.98584470554557
Baseline Persistência,16541.25,17481.170157724948,-8.556191256166136
