mae,rmse,r2
3633.9938269200757,4597.382607390872,0.3390552918790247
