Variável,VIF
VAREJO_AMPLIADO,2004.9970501601126
VAREJO_RESTRITO,1270.2036530705682
QT_ELEITOR,593.5940930997705
INADIMPLENCIA,156.0422333075802
TOTAL_CASOS,62.14619559052068
qt_acidente,55.17697528510816
TAXA_DESOCUPACAO,43.85059277845173
TAXA_SELIC,24.44237862207855
